"last_name, first_name",player_id,year,pa,b_out_fly,b_out_ground,b_out_line_drive
"Tucker, Cole",657061,2024,57,6,15,3
"Wood, James",695578,2024,336,23,77,18
"Gonzalez, Romy",663853,2024,216,19,55,12
"Greene, Riley",682985,2024,584,64,118,28
"Walton, Donovan",622268,2024,25,2,5,2
"Vargas, Ildemaro",545121,2024,303,39,108,26
"Wynns, Austin",642851,2024,20,3,2,1
"Ward, Taylor",621493,2024,663,118,100,50
"Vogelbach, Daniel",596129,2024,79,8,25,6
"Gordon, Nick",624503,2024,275,32,79,20
"Hedges, Austin",595978,2024,146,28,24,4
"Wagaman, Eric",676572,2024,74,12,17,5
"France, Ty",664034,2024,535,80,129,25
"Dezenzo, Zach",701305,2024,65,7,13,3
"Peguero, Liover",678894,2024,10,1,2,2
"Turang, Brice",668930,2024,619,71,184,44
"Rosario, Amed",642708,2024,346,40,90,25
"Call, Alex",669743,2024,113,13,23,4
"Pérez, Wenceel",672761,2024,425,60,81,34
"Colás, Oscar",693049,2024,38,2,9,1
"Caballero, José",676609,2024,483,52,96,33
"Heyward, Jason",518792,2024,258,27,75,13
"Gurriel Jr., Yuli",493329,2024,65,8,12,5
"Miranda, Jose",669304,2024,429,70,98,26
"Kelenic, Jarred",672284,2024,449,64,78,29
"Cruz, Oneil",665833,2024,599,48,125,28
"Peralta, David",444482,2024,260,25,62,22
"Espinal, Santiago",669289,2024,391,63,94,42
"Albies, Ozzie",645277,2024,435,78,94,32
"Bryant, Kris",592178,2024,155,17,26,6
"Bae, Ji Hwan",678225,2024,81,8,23,4
"Sogard, Nick",686765,2024,86,11,15,3
"Kennedy, Buddy",671083,2024,26,2,5,4
"Loperfido, Joey",694388,2024,262,29,54,6
"Rizzo, Anthony",519203,2024,375,43,99,21
"García, Adolis",666969,2024,637,93,119,34
"McCormick, Chas",676801,2024,267,43,58,11
"Mountcastle, Ryan",663624,2024,507,63,120,36
"Devers, Rafael",646240,2024,601,60,125,28
"Romo, Drew",691011,2024,53,7,14,1
"De La Cruz, Elly",682829,2024,696,69,133,28
"Chapman, Matt",656305,2024,647,91,118,25
"Duffy, Matt",622110,2024,10,0,2,1
"Hayes, Ke'Bryan",663647,2024,396,46,113,33
"Berti, Jon",542932,2024,74,9,17,7
"Ramos, Heliot",671218,2024,518,60,105,31
"Scott II, Victor",687363,2024,155,20,41,9
"Newman, Kevin",621028,2024,311,37,95,19
"Toglia, Michael",669911,2024,458,58,79,19
"Suárez, Eugenio",553993,2024,640,89,101,37
"Benintendi, Andrew",643217,2024,522,93,122,35
"Ibáñez, Andy",628451,2024,244,34,36,14
"O'Hearn, Ryan",656811,2024,494,78,116,41
"Rooker Jr., Brent",667670,2024,614,78,82,23
"Reynolds, Bryan",668804,2024,692,84,158,42
"Sheets, Gavin",657757,2024,501,67,98,47
"Noda, Ryan",676116,2024,111,14,21,3
"Moniak, Mickey",666160,2024,418,60,77,19
"Torrens, Luis",620443,2024,130,17,32,9
"Langford, Wyatt",694671,2024,557,86,110,30
"Miller, Owen",680911,2024,27,5,8,1
"Fitzgerald, Tyler",666149,2024,341,44,45,17
"Maile, Luke",571912,2024,154,17,31,10
"Dubón, Mauricio",643289,2024,428,72,111,33
"Aranda, Jonathan",666018,2024,143,17,40,6
"Baker, Luken",663609,2024,49,6,10,3
"McCutchen, Andrew",457705,2024,515,66,97,24
"Rivas, Leo",660844,2024,86,5,17,9
"Báez, Javier",595879,2024,289,44,84,14
"Correa, Carlos",621043,2024,367,41,83,24
"Yepez, Juan",660766,2024,249,29,75,7
"Sánchez, Ali",645305,2024,96,12,31,7
"Sosa, Edmundo",624641,2024,274,34,62,11
"Murphy, Tom",608596,2024,38,2,10,3
"Rivera, Emmanuel",656896,2024,302,35,77,15
"Ford, Mike",645801,2024,62,11,15,4
"Casas, Triston",671213,2024,243,24,46,9
"Altuve, Jose",514888,2024,682,89,153,56
"Siri, Jose",642350,2024,448,48,75,21
"Azocar, José",640492,2024,79,12,22,2
"Trevino, Jose",624431,2024,234,36,65,14
"Myers, Dane",667472,2024,108,10,18,4
"Ornelas, Jonathan",680716,2024,40,1,13,3
"Goldschmidt, Paul",502671,2024,654,74,140,42
"Arias, Gabriel",672356,2024,161,12,41,7
"McKenna, Ryan",663630,2024,15,2,1,1
"Senzel, Nick",669222,2024,267,32,60,21
"Farmer, Kyle",571657,2024,242,51,51,10
"Peña, Jeremy",665161,2024,650,92,182,39
"Drury, Brandon",592273,2024,360,37,116,24
"Fraley, Jake",641584,2024,382,47,93,25
"Chisholm Jr., Jazz",665862,2024,621,65,143,35
"Monasterio, Andruw",655316,2024,142,21,25,9
"Clement, Ernie",676391,2024,452,88,118,38
"Kirilloff, Alex",666135,2024,178,25,45,6
"Reyes, Pablo",622569,2024,64,11,14,3
"Florial, Estevan",664314,2024,111,10,20,7
"Mead, Curtis",678554,2024,132,14,26,14
"Villar, David",681584,2024,37,5,7,1
"Joe, Connor",656582,2024,416,52,87,17
"Cabbage, Trey",663550,2024,91,7,19,6
"Rosario, Eguy",666703,2024,57,4,11,3
"Helman, Michael",680737,2024,10,1,1,1
"Contreras, William",661388,2024,679,59,175,33
"Stallings, Jacob",607732,2024,281,32,66,11
"Stephenson, Tyler",663886,2024,515,64,124,23
"Lowe, Nathaniel",663993,2024,565,61,128,33
"Fairchild, Stuart",656413,2024,233,31,46,8
"Varsho, Daulton",662139,2024,513,73,74,20
"Pages, Andy",681624,2024,443,69,65,35
"Clemens, Kody",665019,2024,120,23,24,5
"Baker, Darren",671117,2024,14,1,3,0
"Lockridge, Brandon",663604,2024,12,2,3,0
"Jung, Jace",690291,2024,94,7,16,4
"Ramos, Bryan",682868,2024,108,15,28,11
"McCoy, Mason",669200,2024,57,4,14,5
"Volpe, Anthony",683011,2024,689,86,179,42
"Trout, Mike",545361,2024,126,20,16,11
"Verdugo, Alex",657077,2024,621,88,190,42
"Rice, Ben",700250,2024,178,27,36,11
"Yoshida, Masataka",807799,2024,421,61,108,33
"d'Arnaud, Travis",518595,2024,341,40,83,13
"Palacios, Richie",680700,2024,316,31,63,21
"López, Jack",605346,2024,71,5,14,4
"Hensley, David",682073,2024,58,5,16,3
"Melendez Jr., MJ",669004,2024,451,65,98,24
"Realmuto, J.T.",592663,2024,413,43,92,26
"Hinds, Rece",677956,2024,51,6,8,2
"Keirsey Jr., DaShawn",680577,2024,14,3,4,3
"Crews, Dylan",686611,2024,132,14,42,4
"Wade Jr., LaMonte",664774,2024,401,48,79,24
"Moreno, Gabriel",672515,2024,351,46,90,24
"Naylor, Josh",647304,2024,633,81,172,38
"Grossman, Robbie",543257,2024,245,30,52,14
"Rios, Edwin",621458,2024,10,1,3,0
"Olivares, Edward",658668,2024,196,19,58,10
"Alonso, Pete",624413,2024,695,86,140,30
"De Los Santos, Luis",665782,2024,31,3,9,2
"Butler, Lawrence",671732,2024,451,62,103,20
"Refsnyder, Rob",608701,2024,307,28,63,14
"Meneses, Joey",608841,2024,313,46,81,20
"Tovar, Ezequiel",678662,2024,695,121,105,32
"Martini, Nick",605361,2024,163,26,36,9
"Waters, Drew",671221,2024,19,2,4,0
"Sullivan, Brett",664954,2024,17,3,1,0
"Acuña, Luisangel",682668,2024,40,4,10,5
"Swanson, Dansby",621020,2024,593,66,151,26
"Cabrera, Oswaldo",665828,2024,326,45,80,21
"Schneemann, Daniel",682177,2024,221,23,43,10
"Wells, Austin",669224,2024,414,61,81,24
"Marte, Starling",516782,2024,370,33,110,21
"Kjerstad, Heston",677008,2024,114,15,20,3
"Bellinger, Cody",641355,2024,569,125,102,36
"Chourio, Jackson",694192,2024,573,75,141,35
"Goodman, Hunter",696100,2024,224,37,48,14
"De La Cruz, Bryan",650559,2024,622,99,137,29
"Acuña Jr., Ronald",660670,2024,222,23,53,10
"Gomes, Yan",543228,2024,96,18,19,4
"Westbrook, Jamie",642197,2024,48,7,9,4
"Rodríguez, Julio",677594,2024,613,75,129,30
"Ortega, Rafael",542364,2024,17,4,5,0
"Lowe, Josh",666139,2024,387,55,54,21
"Cronenworth, Jake",630105,2024,656,91,157,40
"Happ, Ian",664023,2024,657,88,114,33
"Montero, Elehuris",660707,2024,247,44,46,16
"Brown, Seth",664913,2024,400,59,74,20
"Campero, Gustavo",672569,2024,48,5,17,1
"Canario, Alexander",672744,2024,28,1,3,2
"Barnhart, Tucker",571466,2024,96,7,24,4
"McCarthy, Jake",664983,2024,495,60,140,25
"Jung, Josh",673962,2024,188,29,39,10
"Williams, Alika",675961,2024,96,13,25,11
"Baldwin, Brooks",681460,2024,121,22,19,5
"Lipscomb III, Trey",702358,2024,211,15,75,15
"Rojas, Johan",679032,2024,363,35,121,17
"Ruiz, Esteury",665923,2024,65,10,10,3
"McMahon, Ryan",641857,2024,645,64,139,35
"Clase, Jonatan",682729,2024,66,14,10,3
"Trejo, Alan",676701,2024,67,14,20,5
"Haniger, Mitch",571745,2024,423,52,84,24
"Higashioka, Kyle",543309,2024,263,43,43,14
"Carlson, Dylan",666185,2024,265,39,51,15
"Díaz, Elias",553869,2024,351,33,99,23
"Kavadas, Niko",694359,2024,106,21,6,4
"Pauley, Graham",688363,2024,32,5,5,3
"Smith, Dominic",642086,2024,307,44,69,15
"Turner, Trea",607208,2024,539,77,127,34
"Raleigh, Cal",663728,2024,628,96,84,34
"Arcia, Orlando",606115,2024,602,71,163,36
"Thomas, Alek",677950,2024,103,10,43,7
"Triolo, Jared",669707,2024,446,60,85,35
"Westburg, Jordan",676059,2024,447,63,100,29
"Perkins, Blake",663368,2024,434,62,87,23
"Leblanc, Charles",641779,2024,28,3,2,3
"Torkelson, Spencer",679529,2024,381,53,57,21
"Lee, Korey",686676,2024,394,46,94,21
"Grandal, Yasmani",518735,2024,243,35,68,12
"Manzardo, Kyle",700932,2024,156,34,23,7
"Fortes, Nick",663743,2024,335,43,99,26
"Martínez, J.P.",679881,2024,10,0,3,0
"Ramírez, José",608070,2024,682,124,138,43
"Kwan, Steven",680757,2024,540,102,117,43
"Velázquez, Nelson",676369,2024,230,42,42,8
"Bailey, Patrick",672275,2024,448,63,101,37
"Frazier, Adam",624428,2024,294,43,70,26
"Pinto, René",650907,2024,49,9,4,2
"McKinney, Billy",641856,2024,28,1,6,0
"Hill, Derek",656537,2024,172,16,37,13
"Steer, Spencer",668715,2024,656,100,129,39
"Turner, Justin",457759,2024,539,90,94,42
"Adames, Willy",642715,2024,688,106,102,36
"Tucker, Kyle",663656,2024,339,58,47,24
"Heineman, Tyler",623168,2024,16,4,0,0
"Vázquez, Luis",676679,2024,14,0,3,1
"Santander, Anthony",623993,2024,665,113,114,38
"Gamel, Ben",592325,2024,99,9,18,9
"Perez, Salvador",521692,2024,652,116,117,37
"Harris, Brett",695391,2024,123,17,26,11
"Malloy, Justyn-Henry",669234,2024,230,32,34,4
"Domínguez, Jasson",691176,2024,67,3,17,4
"Cameron, Daz",663662,2024,186,28,45,11
"Mendick, Danny",664901,2024,141,24,29,9
"Kreidler, Ryan",668952,2024,65,10,16,3
"Díaz, Aledmys",649557,2024,34,5,11,3
"Blackmon, Charlie",453568,2024,499,73,102,38
"Alvarez, Eddy",657193,2024,11,1,5,1
"Alcantara, Kevin",682634,2024,10,1,7,0
"Wilson Jr., Jacob",805779,2024,103,12,37,9
"Peterson, Jace",607054,2024,26,0,13,2
"Mayo, Coby",691723,2024,46,3,8,4
"Collins, Isaac",686555,2024,19,2,1,1
"Yelich, Christian",592885,2024,315,27,80,15
"Kepler, Max",596146,2024,399,72,67,34
"Matos, Luis",682641,2024,156,33,38,11
"Yorke, Nick",694377,2024,42,4,11,3
"Encarnacion, Jerar",666464,2024,119,11,34,6
"Tena, José",677588,2024,168,22,41,7
"Wisdom, Patrick",621550,2024,174,33,21,7
"Suzuki, Seiya",673548,2024,585,94,72,24
"Burger, Jake",669394,2024,579,76,123,27
"Semien, Marcus",543760,2024,718,132,161,57
"Stowers, Kyle",669065,2024,209,19,43,9
"Vázquez, Christian",543877,2024,315,53,80,20
"Soderstrom, Tyler",691016,2024,213,28,54,5
"Kelly, Carson",608348,2024,313,50,78,15
"Neto, Zach",687263,2024,602,83,140,21
"Naylor, Bo",666310,2024,389,54,64,18
"Diaz, Yainer",673237,2024,619,65,191,32
"Hernández, Teoscar",606192,2024,652,62,127,33
"Vilade, Ryan",668723,2024,49,6,17,4
"Stewart, DJ",621466,2024,194,32,31,8
"Carpenter, Kerry",681481,2024,296,42,56,8
"Ohtani, Shohei",660271,2024,731,88,124,43
"Machado, Manny",592518,2024,643,76,150,42
"Rodgers, Brendan",663898,2024,539,43,156,27
"Abrams, CJ",682928,2024,602,84,124,41
"Marte, Ketel",606466,2024,583,66,146,27
"Profar, Jurickson",595777,2024,668,90,155,33
"Thomas, Lane",657041,2024,528,67,98,23
"Reetz, Jakson",656883,2024,15,3,4,0
"Baddoo, Akil",668731,2024,82,12,14,3
"Renfroe, Hunter",592669,2024,424,61,91,24
"Amaya, Jacob",676070,2024,72,6,16,5
"Serven, Brian",661531,2024,71,7,13,4
"Bethancourt, Christian",542194,2024,147,25,37,6
"Adams, Riley",656180,2024,130,13,31,4
"Young, Jacob",696285,2024,521,48,155,37
"Friedl Jr., TJ",670770,2024,341,55,73,29
"Smith, Will",669257,2024,544,115,94,34
"Taylor, Chris",621035,2024,246,22,47,16
"Feduccia, Hunter",676439,2024,14,2,3,1
"Polanco, Jorge",593871,2024,468,69,76,31
"Peraza, Oswald",672724,2024,11,0,3,1
"Zavala, Seby",664874,2024,43,5,8,3
"Hicks, Aaron",543305,2024,63,3,17,3
"Duvall, Adam",594807,2024,330,54,48,15
"Sánchez, Jesús",660821,2024,537,55,133,28
"Hiura, Keston",669374,2024,27,0,9,3
"Pham, Tommy",502054,2024,478,59,115,30
"Brennan, Will",686823,2024,353,58,94,23
"Singleton, Jon",572138,2024,405,59,74,16
"Burleson, Alec",676475,2024,595,98,154,47
"Bauers, Jake",641343,2024,346,49,39,17
"Ortiz, Joey",687401,2024,511,56,123,26
"Rutschman, Adley",668939,2024,638,119,128,47
"Johnson, Bryce",669369,2024,73,8,25,7
"Lee, Jung Hoo",808982,2024,158,28,45,16
"Goodrum, Niko",592348,2024,33,1,15,1
"Díaz, Yandy",650490,2024,621,68,197,23
"Campusano, Luis",669134,2024,299,47,91,17
"Stefanic, Michael",683021,2024,124,12,40,11
"Walls, Taylor",670764,2024,252,40,43,12
"Garver, Mitch",641598,2024,430,54,69,26
"Ruiz, Keibert",660688,2024,485,97,119,41
"Harris II, Michael",671739,2024,470,50,128,28
"DeJong, Paul",657557,2024,482,69,73,18
"Lukes, Nathan",664770,2024,91,14,25,5
"Arraez, Luis",650333,2024,672,129,199,51
"Larnach, Trevor",663616,2024,400,55,83,28
"Jiménez, Eloy",650391,2024,349,36,109,16
"Stubbs, Garrett",596117,2024,187,27,28,15
"Paris, Kyren",677347,2024,59,6,16,6
"Castro, Willi",650489,2024,635,84,119,48
"DeLuca, Jonny",676356,2024,362,47,74,27
"Blanco, Dairon",680118,2024,132,18,28,8
"Schanuel, Nolan",694384,2024,607,72,157,50
"Garcia, Maikel",672580,2024,626,80,192,57
"Kemp, Tony",643393,2024,10,1,4,1
"Jordan, Levi",682119,2024,11,2,4,1
"Iglesias, Jose",578428,2024,291,34,77,20
"Bliss, Ryan",669208,2024,71,7,17,3
"Ahmed, Nick",605113,2024,228,28,57,11
"Nuñez, Nasim",683083,2024,78,2,24,6
"Herrera, Jose",645444,2024,114,12,35,4
"Madrigal, Nick",663611,2024,94,10,36,8
"Edwards, Xavier",669364,2024,303,32,78,16
"Wiemer Jr., Joey",686894,2024,28,3,6,0
"Doyle, Brenton",686668,2024,603,86,118,37
"Kessinger, Grae",666197,2024,25,4,7,2
"Bichette, Bo",666182,2024,336,37,93,38
"Rafaela, Ceddanne",678882,2024,571,74,129,25
"Hilliard, Sam",656541,2024,158,16,28,6
"Cook, Billy",695257,2024,49,5,4,3
"Millas, Drew",686452,2024,62,8,15,4
"Murphy, Sean",669221,2024,264,30,72,9
"Santana, Carlos",467793,2024,594,94,124,35
"Stott, Bryson",681082,2024,571,93,132,42
"Rogers, Jake",668670,2024,337,56,68,16
"Laureano, Ramón",657656,2024,309,39,53,19
"Barger, Addison",680718,2024,225,32,50,13
"Freeman, Tyler",671289,2024,383,57,102,32
"Seager, Corey",608369,2024,533,86,110,41
"Bart, Joey",663698,2024,282,28,68,9
"Wall, Forrest",657088,2024,35,8,6,2
"Caratini, Victor",605170,2024,274,35,73,16
"Robert Jr., Luis",673357,2024,425,54,71,23
"Candelario, Jeimer",600869,2024,463,68,106,29
"Ramírez, Harold",623912,2024,246,20,83,18
"Lewis, Royce",668904,2024,325,46,61,21
"Vargas, Miguel",678246,2024,237,47,42,15
"Barrosa, Jorge",678489,2024,18,0,9,2
"Hernaiz, Darell",687231,2024,135,18,39,6
"McCann, Kyle",668832,2024,157,14,30,1
"Kiner-Falefa, Isiah",643396,2024,496,67,134,39
"Chaparro, Andrés",665953,2024,132,24,31,6
"Massey, Michael",686681,2024,356,72,90,16
"Martin, Austin",668885,2024,257,38,60,23
"Baty, Brett",683146,2024,171,19,47,5
"Fletcher, Dominic",666150,2024,241,28,59,18
"Gurriel Jr., Lourdes",666971,2024,553,84,117,37
"Schneider, Davis",676914,2024,454,75,63,21
"Gorman, Nolan",669357,2024,402,52,55,19
"Guerrero Jr., Vladimir",665489,2024,697,71,185,45
"Schwarber, Kyle",656941,2024,692,71,112,30
"LeMahieu, DJ",518934,2024,228,28,81,16
"Canha, Mark",592192,2024,462,56,106,21
"Hurtubise, Jacob",674441,2024,68,10,12,6
"Meadows, Parker",678009,2024,298,45,47,17
"Amador, Adael",691182,2024,36,9,13,1
"Vosler, Jason",613564,2024,30,3,8,1
"Fermin, Freddy",666023,2024,368,49,98,18
"Tauchman, Mike",643565,2024,350,61,64,14
"Kim, Ha-Seong",673490,2024,470,68,102,33
"Merrill, Jackson",701538,2024,593,117,119,44
"Abreu, José",547989,2024,120,20,39,9
"Alvarez, Armando",669137,2024,39,5,9,4
"Cooper, Garrett",643265,2024,116,16,24,7
"Giménez, Andrés",665926,2024,633,78,187,49
"Locklear, Tyler",682988,2024,49,3,9,0
"Dalbec, Bobby",666915,2024,93,14,13,2
"Blankenhorn, Travis",663905,2024,32,1,14,0
"Wade, Tyler",642180,2024,156,19,42,13
"Driscoll, Logan",686482,2024,37,2,16,4
"McKinstry, Zach",656716,2024,325,63,61,26
"Dingler, Dillon",693307,2024,87,9,20,8
"Wagner, Will",695238,2024,86,7,26,8
"Beck, Jordan",687597,2024,184,27,37,6
"Anderson, Tim",641313,2024,241,20,75,20
"Delay, Jason",641511,2024,19,2,7,1
"Adell, Jo",666176,2024,451,63,83,25
"Soto, Juan",665742,2024,713,77,162,31
"Saggese, Thomas",695336,2024,52,9,11,3
"Pagés, Pedro",686780,2024,218,29,50,12
"Taylor, Michael A.",572191,2024,300,35,57,17
"Palacios, Joshua",641943,2024,78,7,28,1
"Hays, Austin",669720,2024,255,37,49,16
"Olson, Matt",621566,2024,685,93,126,32
"Conine, Griffin",665052,2024,89,5,22,1
"Narváez, Carlos",665966,2024,15,1,3,0
"Short, Zack",670097,2024,88,16,16,5
"Walker, Jordan",691023,2024,178,23,43,11
"Noel, Jhonkensy",678877,2024,198,21,31,8
"Dahl, David",621311,2024,62,10,14,1
"Jansen, Danny",643376,2024,324,63,51,22
"Julks, Corey",667452,2024,189,29,37,11
"Haase, Eric",606992,2024,69,4,10,5
"Calhoun, Willie",641432,2024,254,36,67,21
"Davis, J.D.",605204,2024,157,11,50,6
"White, Eli",642201,2024,42,4,9,2
"Wong, Connor",657136,2024,487,54,101,26
"Sweeney, Trey",700242,2024,119,15,25,8
"Thaiss, Matt",642136,2024,186,23,31,5
"Andujar, Miguel",609280,2024,319,40,97,14
"Meyers, Jake",676694,2024,513,70,125,29
"Dunn, Oliver",686554,2024,104,10,18,5
"Rodríguez, Johnathan",671286,2024,40,2,11,0
"Guillorme, Luis",641645,2024,187,22,55,15
"O'Neill, Tyler",641933,2024,473,48,65,16
"Teodosio, Bryce",669326,2024,12,1,4,1
"Tatis Jr., Fernando",665487,2024,438,55,108,19
"Schuemann, Max",680474,2024,459,75,81,19
"Herrera, Iván",671056,2024,259,28,57,16
"McGuire, Reese",624512,2024,158,21,39,5
"Nootbaar, Lars",663457,2024,405,41,103,29
"Gelof, Zack",680869,2024,547,65,102,24
"Salazar, César",663967,2024,32,4,5,4
"Stanton, Giancarlo",519317,2024,459,40,85,21
"Gray, Tristan",656484,2024,31,3,5,1
"Urshela, Gio",570482,2024,461,56,134,48
"Bader, Harrison",664056,2024,437,53,102,34
"Williams, Luke",663897,2024,52,14,7,2
"Contreras, Willson",575929,2024,358,32,57,18
"Duran, Jarren",680776,2024,735,67,172,53
"Jeffers, Ryan",680777,2024,465,66,102,27
"Lee, Brooks",686797,2024,185,32,53,11
"Vaughn, Andrew",683734,2024,619,105,124,34
"Mateo, Jorge",622761,2024,208,30,49,11
"Wallner, Matt",670242,2024,261,21,26,7
"Alvarez Jr., Nacho",805373,2024,32,2,8,4
"Crawford, Brandon",543063,2024,80,7,17,8
"Whitcomb, Shay",694376,2024,46,7,9,5
"Margot, Manuel",622534,2024,343,54,84,26
"Walker, Christian",572233,2024,552,80,94,32
"O'Hoppe, Logan",681351,2024,522,66,94,29
"Grichuk, Randal",545341,2024,279,43,54,13
"Vientos, Mark",668901,2024,454,40,87,24
"Jones, Nolan",666134,2024,297,26,65,12
"Ozuna, Marcell",542303,2024,688,87,121,34
"García, Luis",671277,2024,528,78,150,35
"Outman, James",681546,2024,156,19,23,10
"Taylor, Tyrone",621438,2024,345,46,73,18
"Encarnacion-Strand, Christian",687952,2024,123,13,32,6
"Jimenez, Leo",677870,2024,210,23,36,17
"Carpenter, Matt",572761,2024,157,21,17,11
"Paredes, Isaac",670623,2024,641,95,114,40
"Knizner, Andrew",668800,2024,93,11,24,12
"Robinson, Chuckie",642020,2024,76,9,25,4
"Mastrobuoni, Miles",670156,2024,106,24,31,6
"Foscue, Justin",679822,2024,44,8,7,3
"Bouchard, Sean",656248,2024,108,14,25,4
"Castellanos, Nick",592206,2024,659,104,141,52
"Pederson, Joc",592626,2024,449,48,69,24
"Merrifield, Whit",593160,2024,335,52,95,18
"Nevin, Tyler",663527,2024,278,45,64,17
"Muncy, Max",571970,2024,293,50,33,9
"Martínez, Angel",682657,2024,169,22,42,10
"Bell, Josh",605137,2024,603,71,163,28
"Gonzales, Nick",693304,2024,387,63,91,24
"Kiermaier, Kevin",595281,2024,281,28,76,16
"Edman, Tommy",669242,2024,153,23,38,9
"Pasquantino, Vinnie",686469,2024,554,98,134,35
"McCray, Grant",687529,2024,130,11,26,4
"Lopez, Nicky",670032,2024,445,59,146,22
"Pillar, Kevin",607680,2024,314,53,59,19
"Bregman, Alex",608324,2024,634,107,136,48
"Wendle, Joey",621563,2024,37,6,11,1
"Walsh, Jared",665120,2024,60,8,7,3
"India, Jonathan",663697,2024,637,69,141,39
"Thompson, Bubba",669352,2024,18,1,4,0
"Rocchio, Brayan",677587,2024,442,60,115,27
"Mullins II, Cedric",656775,2024,499,74,88,36
"Duran, Ezequiel",677649,2024,285,43,65,18
"Frelick, Sal",686217,2024,524,60,139,41
"Heim, Jonah",641680,2024,491,88,121,31
"Luciano, Marco",682617,2024,81,8,15,5
"Slater, Austin",596103,2024,212,16,51,13
"Adrianza, Ehire",501303,2024,28,4,5,1
"Dunn, Blake",694362,2024,29,2,6,0
"Horwitz, Spencer",687462,2024,381,42,87,22
"Shenton, Austin",668853,2024,50,6,7,4
"Tromp, Chadwick",644433,2024,54,8,13,2
"Nimmo, Brandon",607043,2024,663,86,138,41
"Riley, Austin",663586,2024,469,70,82,28
"Arozarena, Randy",668227,2024,648,79,126,25
"Kirk, Alejandro",672386,2024,386,46,108,27
"Bruján, Vidal",660644,2024,278,28,84,15
"León, Pedro",694175,2024,21,1,4,2
"Bote, David",623520,2024,48,6,8,1
"Abreu, Wilyer",677800,2024,447,71,64,18
"Keith, Colt",690993,2024,556,78,130,45
"Harper, Bryce",547180,2024,631,87,114,38
"Hampson, Garrett",641658,2024,231,42,39,14
"Jackson, Alex",656577,2024,155,23,30,6
"Misner, Kameron",670224,2024,15,2,1,1
"Haggerty, Sam",664059,2024,16,0,5,3
"Torres, Gleyber",650402,2024,665,109,131,41
"Toro, Abraham",647351,2024,364,57,96,22
"Sanó, Miguel",593934,2024,95,5,14,10
"Fermín, José",665877,2024,79,9,29,5
"Isbel, Kyle",664728,2024,426,50,122,23
"Brooks, Trenton",670092,2024,29,8,6,2
"Black, Tyler",672012,2024,57,9,9,2
"Pereda, Jhonny",640902,2024,40,4,13,2
"Suwinski, Jack",669261,2024,277,29,63,20
"Marte, Noelvi",682622,2024,242,23,54,14
"Urías, Luis",649966,2024,109,11,16,6
"Martinez, J.D.",502110,2024,495,65,89,23
"Busch, Michael",683737,2024,567,79,102,11
"Caminero, Junior",691406,2024,177,19,47,4
"Marsh, Brandon",669016,2024,476,54,80,20
"Mitchell, Garrett",669003,2024,224,10,52,12
"Tellez, Rowdy",642133,2024,421,58,84,28
"Gallo, Joey",608336,2024,260,34,29,5
"Perdomo, Geraldo",672695,2024,388,64,88,19
"Stevenson, Cal",670276,2024,27,7,6,1
"Bogaerts, Xander",593428,2024,463,72,125,24
"Raley, Luke",670042,2024,455,44,93,20
"Carroll, Corbin",682998,2024,684,78,165,32
"Sánchez, Gary",596142,2024,280,38,56,12
"Witt Jr., Bobby",677951,2024,709,124,122,41
"Hernández, Enrique",571771,2024,393,71,85,21
"Vierling, Matt",663837,2024,567,75,123,39
"Biggio, Cavan",624415,2024,224,23,34,8
"Amaya, Miguel",665804,2024,363,50,100,29
"Casali, Curt",592200,2024,125,20,32,6
"Rortvedt, Ben",666163,2024,328,30,73,18
"Rojas, Miguel",500743,2024,337,41,106,22
"Morel, Christopher",666624,2024,611,67,131,30
"Solano, Donovan",456781,2024,309,43,66,18
"Winker, Jesse",608385,2024,508,54,114,22
"Estrada, Thairo",642731,2024,381,51,108,26
"Wilson, Weston",642215,2024,98,8,15,3
"Berroa, Steward",672642,2024,45,5,6,1
"Pache, Cristian",665506,2024,183,21,36,7
"McCann, James",543510,2024,233,31,51,19
"DeLoach, Zach",676113,2024,75,10,20,2
"Bleday, JJ",668709,2024,642,110,119,41
"Springer III, George",543807,2024,614,70,180,37
"Loftin, Nick",679845,2024,171,27,51,12
"Mervis, Matt",670223,2024,28,6,7,1
"Winn, Masyn",691026,2024,637,93,140,55
"Hoerner, Nico",663538,2024,641,86,169,67
"Cave, Jake",595909,2024,346,41,79,24
"Jones, Jahmai",663330,2024,47,6,7,2
"Langeliers, Shea",669127,2024,534,67,106,26
"Madris, Bligh",676632,2024,75,12,8,3
"Nido, Tomás",621512,2024,140,23,35,10
"Lowe, Brandon",664040,2024,425,53,81,30
"Lux, Gavin",666158,2024,487,50,119,32
"Moncada, Yoán",660162,2024,45,3,12,2
"Bride, Jonah",681146,2024,272,29,65,6
"Del Castillo, Adrian",680728,2024,87,13,9,2
"McNeil, Jeff",643446,2024,472,78,109,37
"Moore, Dylan",664238,2024,441,68,56,25
"Urías, Ramón",602104,2024,301,46,68,17
"Schunk, Aaron",668845,2024,98,14,17,7
"Carter, Evan",694497,2024,162,23,33,9
"Bohm, Alec",664761,2024,606,87,168,40
"Gasper, Mickey",681508,2024,23,1,5,4
"Wendzel, Davis",673995,2024,49,8,16,1
"Allen, Nick",669397,2024,105,9,39,6
"Canzone, Dominic",686527,2024,188,28,44,7
"Hoskins, Rhys",656555,2024,517,77,80,19
"Taveras, Leody",665750,2024,529,81,116,36
"Freeman, Freddie",518692,2024,638,103,139,41
"Judge, Aaron",592450,2024,704,83,82,28
"Hamilton, David",666152,2024,317,49,56,25
"Sosa, Lenyn",672820,2024,369,51,79,40
"Story, Trevor",596115,2024,106,12,14,4
"Norby, Connor",681393,2024,194,27,32,9
"Rendon, Anthony",543685,2024,238,45,55,13
"Remillard, Zach",621545,2024,39,5,11,0
"Lindor, Francisco",596019,2024,689,116,130,40
"Barnes, Austin",605131,2024,156,13,37,10
"Alexander, Blaze",677942,2024,185,24,42,4
"Narváez, Omar",553882,2024,69,17,18,2
"Benson, Will",666181,2024,388,51,55,11
"Sabol, Blake",666165,2024,38,4,5,2
"Lopez, Otto",672640,2024,434,57,132,23
"Sanoja, Javier",691594,2024,36,4,12,4
"Rengifo, Luis",650859,2024,304,28,94,23
"Rosario, Eddie",592696,2024,319,62,79,23
"Yastrzemski, Mike",573262,2024,474,67,85,24
"Crawford, J.P.",641487,2024,451,53,106,30
"Henderson, Gunnar",683002,2024,719,73,155,46
"Siani, Michael",672279,2024,334,28,99,16
"Julien, Edouard",666397,2024,301,37,58,16
"Grissom, Vaughn",687093,2024,114,14,34,11
"Crow-Armstrong, Pete",691718,2024,410,74,86,20
"Rojas, Josh",668942,2024,476,78,91,33
"Davis, Henry",680779,2024,122,12,18,4
"Valdez, Enmanuel",665839,2024,223,37,42,12
"Fry, David",681807,2024,392,59,70,15
"Marchán, Rafael",665561,2024,56,9,12,6
"Holliday, Jackson",702616,2024,208,25,50,8
"Smith, Josh",669701,2024,592,99,116,32
"García, Avisaíl",541645,2024,51,5,19,1
"Maldonado, Martín",455117,2024,147,27,30,4
"Conforto, Michael",624424,2024,488,60,109,20
"Soler, Jorge",624585,2024,574,77,107,18
"Betts, Mookie",605141,2024,516,108,81,42
"Alvarez, Yordan",670541,2024,635,125,98,38
"Wisely, Brett",689172,2024,272,53,58,10
"Flores, Wilmer",527038,2024,242,39,54,18
"Donovan, Brendan",680977,2024,652,94,163,49
"Schmitt, Casey",669477,2024,113,19,23,7
"Arenado, Nolan",571448,2024,635,90,141,56
"Shewmake, Braden",669699,2024,67,10,25,3
"Cowser, Colton",681297,2024,561,70,109,17
"Robles, Victor",645302,2024,295,40,63,14
"Smith, Pavin",656976,2024,158,20,38,9
"Jankowski, Travis",608671,2024,207,22,64,14
"Adams, Jordyn",677941,2024,38,4,8,2
"Alvarez, Francisco",682626,2024,342,33,87,17
"Grisham, Trent",663757,2024,209,33,42,4
"Buxton, Byron",621439,2024,388,59,45,25
"Soto, Livan",670869,2024,16,4,3,0
,,,182266,24599,39942,10644
